MCU;STO;F_VENDAS;CAPTACAO;SE;REATE;REDE;CAV;EMAIL;DIAMANTES;PEMAIS;G50
14476;32300140;AC ABREU E LIMA;GERENCIA DE ATENDIMENTO;PE;REATE 01 - PE;REDE PRÓPRIA - PE;MAGNA COSTA BARROS;peacabreuelima@correios.com.br;RECIFE DIAMANTE;;G50
14493;32300310;AC AGUA PRETA;GERENCIA DE ATENDIMENTO;PE;REATE 01 - PE;REDE PRÓPRIA - PE;ARISSON DE SOUSA MONTEIRO;peacaguapreta@correios.com.br;;;
14495;32300336;AC ALIANCA;GERENCIA DE ATENDIMENTO;PE;REATE 01 - PE;REDE PRÓPRIA - PE;MAGNA COSTA BARROS;peacalianca@correios.com.br;;;
14684;32302291;AC ARACOIABA;GERENCIA DE ATENDIMENTO;PE;REATE 01 - PE;REDE PRÓPRIA - PE;MAGNA COSTA BARROS;peacaracoiaba@correios.com.br;;;
14480;32300182;AC BARREIROS;GERENCIA DE ATENDIMENTO;PE;REATE 01 - PE;REDE PRÓPRIA - PE;ARISSON DE SOUSA MONTEIRO;peacbarreiros@correios.com.br;;;
14488;32300263;AC BOA VIAGEM;GERENCIA DE ATENDIMENTO;PE;REATE 01 - PE;REDE PRÓPRIA - PE;ARISSON DE SOUSA MONTEIRO;peacboaviagem@correios.com.br;RECIFE DIAMANTE;PERNAMBUCO +;G50
14491;32300298;AC BOM JARDIM;GERENCIA DE ATENDIMENTO;PE;REATE 01 - PE;REDE PRÓPRIA - PE;MAGNA COSTA BARROS;peacbomjardim@correios.com.br;;;G50
14497;32300352;AC BUENOS AIRES;GERENCIA DE ATENDIMENTO;PE;REATE 01 - PE;REDE PRÓPRIA - PE;MAGNA COSTA BARROS;peacbuenosaires@correios.com.br;;;
14499;32300379;AC CABO DE SANTO AGOSTINHO;GERENCIA DE ATENDIMENTO;PE;REATE 01 - PE;REDE PRÓPRIA - PE;ARISSON DE SOUSA MONTEIRO;PEACCABOSAGOSTINHO@correios.com.br;RECIFE DIAMANTE;PERNAMBUCO +;G50
14479;32300174;AC CAMARA MUNICIPAL DE RECIFE;GERENCIA DE ATENDIMENTO;PE;REATE 01 - PE;REDE PRÓPRIA - PE;ARISSON DE SOUSA MONTEIRO;peaccamaramunicipal@correios.com.br;RECIFE DIAMANTE;;
14652;32301936;AC CAMARAGIBE;GERENCIA DE ATENDIMENTO;PE;REATE 01 - PE;REDE PRÓPRIA - PE;ARISSON DE SOUSA MONTEIRO;peaccamaragibe@correios.com.br;RECIFE DIAMANTE;PERNAMBUCO +;G50
14502;32300409;AC CAMUTANGA;GERENCIA DE ATENDIMENTO;PE;REATE 01 - PE;REDE PRÓPRIA - PE;MAGNA COSTA BARROS;peaccamutanga@correios.com.br;;;
14513;32300522;AC CARPINA;GERENCIA DE ATENDIMENTO;PE;REATE 01 - PE;REDE PRÓPRIA - PE;MAGNA COSTA BARROS;peaccarpina@correios.com.br;RECIFE DIAMANTE;;G50
14515;32300549;AC CASA AMARELA;GERENCIA DE ATENDIMENTO;PE;REATE 01 - PE;REDE PRÓPRIA - PE;MAGNA COSTA BARROS;peaccasaamarela@correios.com.br;RECIFE DIAMANTE;PERNAMBUCO +;G50
14463;32300018;AC CENTRAL DE RECIFE;GERENCIA DE ATENDIMENTO;PE;REATE 01 - PE;REDE PRÓPRIA - PE;ARISSON DE SOUSA MONTEIRO;PEACCENTRAL@correios.com.br;RECIFE DIAMANTE;PERNAMBUCO +;G50
14503;32300425;AC CHA DE ALEGRIA;GERENCIA DE ATENDIMENTO;PE;REATE 01 - PE;REDE PRÓPRIA - PE;ARISSON DE SOUSA MONTEIRO;peacchadealegria@correios.com.br;;;
14506;32300450;AC CONDADO;GERENCIA DE ATENDIMENTO;PE;REATE 01 - PE;REDE PRÓPRIA - PE;MAGNA COSTA BARROS;peaccondado@correios.com.br;;;
14531;32300701;AC ESCADA;GERENCIA DE ATENDIMENTO;PE;REATE 01 - PE;REDE PRÓPRIA - PE;ARISSON DE SOUSA MONTEIRO;peacescada@correios.com.br;;;G50
14509;32300484;AC FEIRA NOVA;GERENCIA DE ATENDIMENTO;PE;REATE 01 - PE;REDE PRÓPRIA - PE;MAGNA COSTA BARROS;peacfeiranova@correios.com.br;;;
14534;32300735;AC FERNANDO DE NORONHA;GERENCIA DE ATENDIMENTO;PE;REATE 01 - PE;REDE PRÓPRIA - PE;ARISSON DE SOUSA MONTEIRO;PEACFERNANDODNORONHA@correios.com.br;;;
14510;32300492;AC FERREIROS;GERENCIA DE ATENDIMENTO;PE;REATE 01 - PE;REDE PRÓPRIA - PE;MAGNA COSTA BARROS;peacferreiros@correios.com.br;;;
14511;32300506;AC GAMELEIRA;GERENCIA DE ATENDIMENTO;PE;REATE 01 - PE;REDE PRÓPRIA - PE;ARISSON DE SOUSA MONTEIRO;peacgameleira@correios.com.br;;;
14512;32300514;AC GLORIA DO GOITA;GERENCIA DE ATENDIMENTO;PE;REATE 01 - PE;REDE PRÓPRIA - PE;ARISSON DE SOUSA MONTEIRO;peacgloriadogoita@correios.com.br;;;
14538;32300778;AC GOIANA;GERENCIA DE ATENDIMENTO;PE;REATE 01 - PE;REDE PRÓPRIA - PE;MAGNA COSTA BARROS;peacgoiana@correios.com.br;RECIFE DIAMANTE;;G50
14543;32300824;AC IGARASSU;GERENCIA DE ATENDIMENTO;PE;REATE 01 - PE;REDE PRÓPRIA - PE;MAGNA COSTA BARROS;peacigarassu@correios.com.br;RECIFE DIAMANTE;;G50
14546;32300859;AC IPOJUCA;GERENCIA DE ATENDIMENTO;PE;REATE 01 - PE;REDE PRÓPRIA - PE;ARISSON DE SOUSA MONTEIRO;peacipojuca@correios.com.br;;;G50
14469;32300077;AC ITAMARACA;GERENCIA DE ATENDIMENTO;PE;REATE 01 - PE;REDE PRÓPRIA - PE;MAGNA COSTA BARROS;peacitamaraca@correios.com.br;;;
14629;32301685;AC ITAMBE;GERENCIA DE ATENDIMENTO;PE;REATE 01 - PE;REDE PRÓPRIA - PE;MAGNA COSTA BARROS;peacitambe@correios.com.br;;;
14664;32302070;AC ITAPISSUMA;GERENCIA DE ATENDIMENTO;PE;REATE 01 - PE;REDE PRÓPRIA - PE;MAGNA COSTA BARROS;peacitapissuma@correios.com.br;;;
14518;32300573;AC ITAQUITINGA;GERENCIA DE ATENDIMENTO;PE;REATE 01 - PE;REDE PRÓPRIA - PE;MAGNA COSTA BARROS;peacitaquitinga@correios.com.br;;;
14656;32301987;AC JABOATAO DOS GUARARAPES;GERENCIA DE ATENDIMENTO;PE;REATE 01 - PE;REDE PRÓPRIA - PE;ARISSON DE SOUSA MONTEIRO;PEACJGUARARAPES@correios.com.br;RECIFE DIAMANTE;PERNAMBUCO +;G50
14555;32300948;AC JOAO ALFREDO;GERENCIA DE ATENDIMENTO;PE;REATE 01 - PE;REDE PRÓPRIA - PE;MAGNA COSTA BARROS;peacjoaoalfredo@correios.com.br;;;
14519;32300581;AC JOAQUIM NABUCO;GERENCIA DE ATENDIMENTO;PE;REATE 01 - PE;REDE PRÓPRIA - PE;ARISSON DE SOUSA MONTEIRO;peacjoaquimnabuco@correios.com.br;;;
14671;32302151;AC LAGOA DO CARRO;GERENCIA DE ATENDIMENTO;PE;REATE 01 - PE;REDE PRÓPRIA - PE;MAGNA COSTA BARROS;peaclagoadocarro@correios.com.br;;;
14520;32300590;AC LAGOA DO ITAENGA;GERENCIA DE ATENDIMENTO;PE;REATE 01 - PE;REDE PRÓPRIA - PE;MAGNA COSTA BARROS;peaclagoadeitaenga@correios.com.br;;;
14564;32301031;AC LIMOEIRO;GERENCIA DE ATENDIMENTO;PE;REATE 01 - PE;REDE PRÓPRIA - PE;MAGNA COSTA BARROS;peaclimoeiro@correios.com.br;RECIFE DIAMANTE;;G50
14566;32301057;AC MACAPARANA;GERENCIA DE ATENDIMENTO;PE;REATE 01 - PE;REDE PRÓPRIA - PE;MAGNA COSTA BARROS;peacmacaparana@correios.com.br;;;
14654;32301952;AC MACHADOS;GERENCIA DE ATENDIMENTO;PE;REATE 01 - PE;REDE PRÓPRIA - PE;MAGNA COSTA BARROS;peacmachados@correios.com.br;;;
14574;32301138;AC MORENO;GERENCIA DE ATENDIMENTO;PE;REATE 01 - PE;REDE PRÓPRIA - PE;ARISSON DE SOUSA MONTEIRO;peacmoreno@correios.com.br;;;G50
14576;32301154;AC NAZARE DA MATA;GERENCIA DE ATENDIMENTO;PE;REATE 01 - PE;REDE PRÓPRIA - PE;MAGNA COSTA BARROS;peacnazaredamata@correios.com.br;;;
14578;32301171;AC OLINDA;GERENCIA DE ATENDIMENTO;PE;REATE 01 - PE;REDE PRÓPRIA - PE;MAGNA COSTA BARROS;peacolinda@correios.com.br;RECIFE DIAMANTE;;G50
14602;32301413;AC OROBO;GERENCIA DE ATENDIMENTO;PE;REATE 01 - PE;REDE PRÓPRIA - PE;MAGNA COSTA BARROS;peacorobo@correios.com.br;;;
14581;32301201;AC PALMARES;GERENCIA DE ATENDIMENTO;PE;REATE 01 - PE;REDE PRÓPRIA - PE;ARISSON DE SOUSA MONTEIRO;peacpalmares@correios.com.br;RECIFE DIAMANTE;;G50
14547;32300867;AC PASSIRA;GERENCIA DE ATENDIMENTO;PE;REATE 01 - PE;REDE PRÓPRIA - PE;ARISSON DE SOUSA MONTEIRO;peacpassira@correios.com.br;;;
14585;32301243;AC PAUDALHO;GERENCIA DE ATENDIMENTO;PE;REATE 01 - PE;REDE PRÓPRIA - PE;MAGNA COSTA BARROS;peacpaudalho@correios.com.br;;;
14587;32301260;AC PAULISTA;GERENCIA DE ATENDIMENTO;PE;REATE 01 - PE;REDE PRÓPRIA - PE;MAGNA COSTA BARROS;peacpaulista@correios.com.br;RECIFE DIAMANTE;PERNAMBUCO +;G50
14660;32302029;AC PAULO BREGARO;GERENCIA DE ATENDIMENTO;PE;REATE 01 - PE;REDE PRÓPRIA - PE;ARISSON DE SOUSA MONTEIRO;peacpaulobregaro@correios.com.br;RECIFE DIAMANTE;PERNAMBUCO +;G50
14521;32300603;AC POMBOS;GERENCIA DE ATENDIMENTO;PE;REATE 01 - PE;REDE PRÓPRIA - PE;ARISSON DE SOUSA MONTEIRO;peacpombos@correios.com.br;;;
14465;32300034;AC PONTE DOS CARVALHOS;GERENCIA DE ATENDIMENTO;PE;REATE 01 - PE;REDE PRÓPRIA - PE;ARISSON DE SOUSA MONTEIRO;PEACPONTEDCARVALHOS@correios.com.br;;;
50433;32301847;AC PORTO DE GALINHAS;GERENCIA DE ATENDIMENTO;PE;REATE 01 - PE;REDE PRÓPRIA - PE;ARISSON DE SOUSA MONTEIRO;peacportodegalinhas@correios.com.br;;;G50
14606;32301456;AC RIBEIRAO;GERENCIA DE ATENDIMENTO;PE;REATE 01 - PE;REDE PRÓPRIA - PE;ARISSON DE SOUSA MONTEIRO;peacribeirao@correios.com.br;;;
14650;32301901;AC RIO FORMOSO;GERENCIA DE ATENDIMENTO;PE;REATE 01 - PE;REDE PRÓPRIA - PE;ARISSON DE SOUSA MONTEIRO;peacrioformoso@correios.com.br;;;
14550;32300891;AC SALGADINHO;GERENCIA DE ATENDIMENTO;PE;REATE 01 - PE;REDE PRÓPRIA - PE;MAGNA COSTA BARROS;peacsalgadinho@correios.com.br;;;
14525;32300646;AC SAO JOSE DA COROA GRANDE;GERENCIA DE ATENDIMENTO;PE;REATE 01 - PE;REDE PRÓPRIA - PE;ARISSON DE SOUSA MONTEIRO;PEACSJOSECOROAGRANDE@correios.com.br;;;
14620;32301596;AC SAO LOURENCO DA MATA;GERENCIA DE ATENDIMENTO;PE;REATE 01 - PE;REDE PRÓPRIA - PE;MAGNA COSTA BARROS;PEACSLOURENCODAMATA@correios.com.br;RECIFE DIAMANTE;;G50
14553;32300921;AC SAO VICENTE FERRER;GERENCIA DE ATENDIMENTO;PE;REATE 01 - PE;REDE PRÓPRIA - PE;MAGNA COSTA BARROS;peacsaovicenteferrer@correios.com.br;;;
14472;32300107;AC SHOPPING CENTER RECIFE;GERENCIA DE ATENDIMENTO;PE;REATE 01 - PE;REDE PRÓPRIA - PE;ARISSON DE SOUSA MONTEIRO;PEACSHOPPINGCENTER@correios.com.br;RECIFE DIAMANTE;PERNAMBUCO +;G50
424057;424057;AC SHOPPING RIOMAR;GERENCIA DE ATENDIMENTO;PE;REATE 01 - PE;REDE PRÓPRIA - PE;ARISSON DE SOUSA MONTEIRO;peacshoppingriomar@correios.com.br;RECIFE DIAMANTE;PERNAMBUCO +;G50
14526;32300654;AC SIRINHAEM;GERENCIA DE ATENDIMENTO;PE;REATE 01 - PE;REDE PRÓPRIA - PE;ARISSON DE SOUSA MONTEIRO;peacsirinhaem@correios.com.br;;;
14483;32300212;AC TAMANDARE;GERENCIA DE ATENDIMENTO;PE;REATE 01 - PE;REDE PRÓPRIA - PE;ARISSON DE SOUSA MONTEIRO;peactamandare@correios.com.br;;;
14632;32301715;AC TIMBAUBA;GERENCIA DE ATENDIMENTO;PE;REATE 01 - PE;REDE PRÓPRIA - PE;MAGNA COSTA BARROS;peactimbauba@correios.com.br;RECIFE DIAMANTE;;G50
14527;32300662;AC TRACUNHAEM;GERENCIA DE ATENDIMENTO;PE;REATE 01 - PE;REDE PRÓPRIA - PE;MAGNA COSTA BARROS;peactracunhaem@correios.com.br;;;
14529;32300689;AC VICENCIA;GERENCIA DE ATENDIMENTO;PE;REATE 01 - PE;REDE PRÓPRIA - PE;MAGNA COSTA BARROS;peacvicencia@correios.com.br;;;
14641;32301804;AC VITORIA DE SANTO ANTAO;GERENCIA DE ATENDIMENTO;PE;REATE 01 - PE;REDE PRÓPRIA - PE;ARISSON DE SOUSA MONTEIRO;PEACVITORIASANTAO@correios.com.br;RECIFE DIAMANTE;PERNAMBUCO +;G50
14673;32302177;AC XEXEU;GERENCIA DE ATENDIMENTO;PE;REATE 01 - PE;REDE PRÓPRIA - PE;ARISSON DE SOUSA MONTEIRO;peacxexeu@correios.com.br;;;
424354;424354;AGF AFONSO OLINDENSE;GERENCIA DE ATENDIMENTO;PE;REATE 01 - PE;REDE TERCEIRIZADA - PE;MAGNA COSTA BARROS;agfafonsoolindense@gmail.com;;;
423942;423942;AGF AV CONSELHEIRO AGUIAR;GERENCIA DE ATENDIMENTO;PE;REATE 01 - PE;REDE TERCEIRIZADA - PE;ARISSON DE SOUSA MONTEIRO;agfavconsaguiar@terra.com.br;RECIFE DIAMANTE;;
423898;423898;AGF AV PRES C BRANCO CANDEIAS;GERENCIA DE ATENDIMENTO;PE;REATE 01 - PE;REDE TERCEIRIZADA - PE;ARISSON DE SOUSA MONTEIRO;agfavprescastelobrancocandeias@hotmail.com;RECIFE DIAMANTE;;
424558;424558;AGF AVENIDA GETULIO VARGAS;GERENCIA DE ATENDIMENTO;PE;REATE 01 - PE;REDE TERCEIRIZADA - PE;MAGNA COSTA BARROS;agfavgetuliovargas@agfgv.com.br;RECIFE DIAMANTE;;
423893;423893;AGF AVENIDA JOSE RUFINO;GERENCIA DE ATENDIMENTO;PE;REATE 01 - PE;REDE TERCEIRIZADA - PE;ARISSON DE SOUSA MONTEIRO;agfavenidajoserufino@gmail.com;;;
424295;424295;AGF AVENIDA NORTE;GERENCIA DE ATENDIMENTO;PE;REATE 01 - PE;REDE TERCEIRIZADA - PE;MAGNA COSTA BARROS;agfavenidanorte@gmail.com;RECIFE DIAMANTE;;
423944;423944;AGF BAIRRO DE SAO JOSE;GERENCIA DE ATENDIMENTO;PE;REATE 01 - PE;REDE TERCEIRIZADA - PE;ARISSON DE SOUSA MONTEIRO;agfsaojose@correiosaojose.com.br;RECIFE DIAMANTE;;
423941;423941;AGF BAIRRO DO ARRUDA;GERENCIA DE ATENDIMENTO;PE;REATE 01 - PE;REDE TERCEIRIZADA - PE;MAGNA COSTA BARROS;agfbairrodoarruda@hotmail.com;RECIFE DIAMANTE;;
424284;424284;AGF BAIRRO DOS AFLITOS;GERENCIA DE ATENDIMENTO;PE;REATE 01 - PE;REDE TERCEIRIZADA - PE;MAGNA COSTA BARROS;agfbairrodosaflitos@gmail.com;RECIFE DIAMANTE;;
423943;423943;AGF BAIRRO IMBIRIBEIRA;GERENCIA DE ATENDIMENTO;PE;REATE 01 - PE;REDE TERCEIRIZADA - PE;ARISSON DE SOUSA MONTEIRO;agfbairroimbiribeira@gmail.com;RECIFE DIAMANTE;;
424286;424286;AGF BAIRRO MADALENA;GERENCIA DE ATENDIMENTO;PE;REATE 01 - PE;REDE TERCEIRIZADA - PE;MAGNA COSTA BARROS;agfbairromadalena@gmail.com;RECIFE DIAMANTE;;
424290;424290;AGF BAIRRO PRADO;GERENCIA DE ATENDIMENTO;PE;REATE 01 - PE;REDE TERCEIRIZADA - PE;MAGNA COSTA BARROS;agfbairroprado@yahoo.com.br;RECIFE DIAMANTE;;
424305;424305;AGF BAIRRO TAMARINEIRA;GERENCIA DE ATENDIMENTO;PE;REATE 01 - PE;REDE TERCEIRIZADA - PE;MAGNA COSTA BARROS;agfbairrotamarineira@gmail.com;RECIFE DIAMANTE;;
424287;424287;AGF BOA VISTA;GERENCIA DE ATENDIMENTO;PE;REATE 01 - PE;REDE TERCEIRIZADA - PE;ARISSON DE SOUSA MONTEIRO;agfboavista@gmail.com;RECIFE DIAMANTE;;
423931;423931;AGF CAIS DE SANTA RITA;GERENCIA DE ATENDIMENTO;PE;REATE 01 - PE;REDE TERCEIRIZADA - PE;ARISSON DE SOUSA MONTEIRO;agfcaisdesantarita@hotmail.com;RECIFE DIAMANTE;;
424356;424356;AGF ILHA DO LEITE;GERENCIA DE ATENDIMENTO;PE;REATE 01 - PE;REDE TERCEIRIZADA - PE;ARISSON DE SOUSA MONTEIRO;agfilhadoleite@gmail.com;;;
423929;423929;AGF IPSEP;GERENCIA DE ATENDIMENTO;PE;REATE 01 - PE;REDE TERCEIRIZADA - PE;ARISSON DE SOUSA MONTEIRO;agfipsep@outlook.com;RECIFE DIAMANTE;;
424682;424682;AGF JABOATAO CENTRO;GERENCIA DE ATENDIMENTO;PE;REATE 01 - PE;REDE TERCEIRIZADA - PE;ARISSON DE SOUSA MONTEIRO;agfjaboataocentro@hotmail.com;RECIFE DIAMANTE;;
423995;423995;AGF JOAQUIM NABUCO;GERENCIA DE ATENDIMENTO;PE;REATE 01 - PE;REDE TERCEIRIZADA - PE;MAGNA COSTA BARROS;agfjoaquimnabuco@gmail.com;RECIFE DIAMANTE;;
236572;236572;AGF NOVA OURO PRETO;GERENCIA DE ATENDIMENTO;PE;REATE 01 - PE;REDE TERCEIRIZADA - PE;MAGNA COSTA BARROS;agf@correioouropreto.com.br;RECIFE DIAMANTE;;
423940;423940;AGF NOVA PAULA SANTOS;GERENCIA DE ATENDIMENTO;PE;REATE 01 - PE;REDE TERCEIRIZADA - PE;ARISSON DE SOUSA MONTEIRO;agfnovapaulasantos@gmail.com;RECIFE DIAMANTE;;
423930;423930;AGF PRAIA DE PIEDADE;GERENCIA DE ATENDIMENTO;PE;REATE 01 - PE;REDE TERCEIRIZADA - PE;ARISSON DE SOUSA MONTEIRO;agfpraiadepiedade@gmail.com;RECIFE DIAMANTE;;
235550;235550;AGF PRAIA DO JANGA;GERENCIA DE ATENDIMENTO;PE;REATE 01 - PE;REDE TERCEIRIZADA - PE;MAGNA COSTA BARROS;agfpraiadojanga@yahoo.com.br;;;
423894;423894;AGF RUA SAO MIGUEL;GERENCIA DE ATENDIMENTO;PE;REATE 01 - PE;REDE TERCEIRIZADA - PE;ARISSON DE SOUSA MONTEIRO;agfruasaomiguel@agfruasaomiguel.com.br;RECIFE DIAMANTE;;
424623;424623;AGF SALGADINHO;GERENCIA DE ATENDIMENTO;PE;REATE 01 - PE;REDE TERCEIRIZADA - PE;MAGNA COSTA BARROS;agfsalgadinho@gmail.com;RECIFE DIAMANTE;;
437596;437596;CEM CARUARU;GERENCIA DE ATENDIMENTO;PE;REATE 02 - PE;REDE PRÓPRIA - PE;FABIO JUNIOR DO NASCIMENTO SANTOS;pecemcaruaru@correios.com.br;;;
437171;437171;CEM RECIFE;GERENCIA DE ATENDIMENTO;PE;REATE 01 - PE;REDE PRÓPRIA - PE;ARISSON DE SOUSA MONTEIRO;pecemrecife@correios.com.br;;;
14481;32300191;AC AGRESTINA;GERENCIA DE ATENDIMENTO;PE;REATE 02 - PE;REDE PRÓPRIA - PE;FABIO JUNIOR DO NASCIMENTO SANTOS;peacagrestina@correios.com.br;;;
14466;32300042;AC AGUAS BELAS;GERENCIA DE ATENDIMENTO;PE;REATE 02 - PE;REDE PRÓPRIA - PE;FABIO JUNIOR DO NASCIMENTO SANTOS;peacaguasbelas@correios.com.br;CARUARU DIAMANTE;;G50
14593;32301324;AC ALAGOINHA;GERENCIA DE ATENDIMENTO;PE;REATE 02 - PE;REDE PRÓPRIA - PE;FABIO JUNIOR DO NASCIMENTO SANTOS;peacalagoinha@correios.com.br;;;
14471;32300093;AC ALTINHO;GERENCIA DE ATENDIMENTO;PE;REATE 02 - PE;REDE PRÓPRIA - PE;FABIO JUNIOR DO NASCIMENTO SANTOS;peacaltinho@correios.com.br;;;
14496;32300344;AC AMARAJI;GERENCIA DE ATENDIMENTO;PE;REATE 02 - PE;REDE PRÓPRIA - PE;FABIO JUNIOR DO NASCIMENTO SANTOS;peacamaraji@correios.com.br;;;
14557;32300964;AC ANGELIM;GERENCIA DE ATENDIMENTO;PE;REATE 02 - PE;REDE PRÓPRIA - PE;FABIO JUNIOR DO NASCIMENTO SANTOS;peacangelim@correios.com.br;;;
14607;32301464;AC ARCOVERDE;GERENCIA DE ATENDIMENTO;PE;REATE 02 - PE;REDE PRÓPRIA - PE;FABIO JUNIOR DO NASCIMENTO SANTOS;peacarcoverde@correios.com.br;CARUARU DIAMANTE;PERNAMBUCO +;G50
14532;32300719;AC BARRA DE GUABIRABA;GERENCIA DE ATENDIMENTO;PE;REATE 02 - PE;REDE PRÓPRIA - PE;FABIO JUNIOR DO NASCIMENTO SANTOS;peacbarradeguabiraba@correios.com.br;;;
14533;32300727;AC BELEM DE MARIA;GERENCIA DE ATENDIMENTO;PE;REATE 02 - PE;REDE PRÓPRIA - PE;FABIO JUNIOR DO NASCIMENTO SANTOS;peacbelemdemaria@correios.com.br;;;
14485;32300239;AC BELO JARDIM;GERENCIA DE ATENDIMENTO;PE;REATE 02 - PE;REDE PRÓPRIA - PE;FABIO JUNIOR DO NASCIMENTO SANTOS;peacbelojardim@correios.com.br;CARUARU DIAMANTE;;G50
14487;32300255;AC BEZERROS;GERENCIA DE ATENDIMENTO;PE;REATE 02 - PE;REDE PRÓPRIA - PE;FABIO JUNIOR DO NASCIMENTO SANTOS;peacbezerros@correios.com.br;CARUARU DIAMANTE;;G50
14490;32300280;AC BOM CONSELHO;GERENCIA DE ATENDIMENTO;PE;REATE 02 - PE;REDE PRÓPRIA - PE;FABIO JUNIOR DO NASCIMENTO SANTOS;peacbomconselho@correios.com.br;;;G50
14494;32300328;AC BONITO;GERENCIA DE ATENDIMENTO;PE;REATE 02 - PE;REDE PRÓPRIA - PE;FABIO JUNIOR DO NASCIMENTO SANTOS;peacbonito@correios.com.br;;;
14560;32300999;AC BREJAO;GERENCIA DE ATENDIMENTO;PE;REATE 02 - PE;REDE PRÓPRIA - PE;FABIO JUNIOR DO NASCIMENTO SANTOS;peacbrejao@correios.com.br;;;
14569;32301081;AC BREJO DA MADRE DE DEUS;GERENCIA DE ATENDIMENTO;PE;REATE 02 - PE;REDE PRÓPRIA - PE;FABIO JUNIOR DO NASCIMENTO SANTOS;peacbrejodamadrededeus@correios.com.br;;;
14498;32300361;AC BUIQUE;GERENCIA DE ATENDIMENTO;PE;REATE 02 - PE;REDE PRÓPRIA - PE;FABIO JUNIOR DO NASCIMENTO SANTOS;peacbuique@correios.com.br;;;
14501;32300395;AC CACHOEIRINHA;GERENCIA DE ATENDIMENTO;PE;REATE 02 - PE;REDE PRÓPRIA - PE;FABIO JUNIOR DO NASCIMENTO SANTOS;peaccachoeirinha@correios.com.br;CARUARU DIAMANTE;;G50
14562;32301014;AC CAETES;GERENCIA DE ATENDIMENTO;PE;REATE 02 - PE;REDE PRÓPRIA - PE;FABIO JUNIOR DO NASCIMENTO SANTOS;peaccaetes@correios.com.br;;;
14563;32301022;AC CALCADO;GERENCIA DE ATENDIMENTO;PE;REATE 02 - PE;REDE PRÓPRIA - PE;FABIO JUNIOR DO NASCIMENTO SANTOS;peaccalcado@correios.com.br;;;
14504;32300433;AC CAMOCIM DE SAO FELIX;GERENCIA DE ATENDIMENTO;PE;REATE 02 - PE;REDE PRÓPRIA - PE;FABIO JUNIOR DO NASCIMENTO SANTOS;peaccamocimdesaofelix@correios.com.br;;;
14508;32300476;AC CANHOTINHO;GERENCIA DE ATENDIMENTO;PE;REATE 02 - PE;REDE PRÓPRIA - PE;FABIO JUNIOR DO NASCIMENTO SANTOS;peaccanhotinho@correios.com.br;;;
14565;32301049;AC CAPOEIRAS;GERENCIA DE ATENDIMENTO;PE;REATE 02 - PE;REDE PRÓPRIA - PE;FABIO JUNIOR DO NASCIMENTO SANTOS;peaccapoeiras@correios.com.br;;;
14514;32300531;AC CARUARU;GERENCIA DE ATENDIMENTO;PE;REATE 02 - PE;REDE PRÓPRIA - PE;FABIO JUNIOR DO NASCIMENTO SANTOS;peaccaruaru@correios.com.br;CARUARU DIAMANTE;PERNAMBUCO +;G50
14681;32302266;AC CASINHAS;GERENCIA DE ATENDIMENTO;PE;REATE 02 - PE;REDE PRÓPRIA - PE;FABIO JUNIOR DO NASCIMENTO SANTOS;peaccasinhas@correios.com.br;;;
14517;32300565;AC CATENDE;GERENCIA DE ATENDIMENTO;PE;REATE 02 - PE;REDE PRÓPRIA - PE;FABIO JUNIOR DO NASCIMENTO SANTOS;peaccatende@correios.com.br;;;
14505;32300441;AC CHA GRANDE;GERENCIA DE ATENDIMENTO;PE;REATE 02 - PE;REDE PRÓPRIA - PE;FABIO JUNIOR DO NASCIMENTO SANTOS;peacchagrande@correios.com.br;;;
14523;32300620;AC CORRENTES;GERENCIA DE ATENDIMENTO;PE;REATE 02 - PE;REDE PRÓPRIA - PE;FABIO JUNIOR DO NASCIMENTO SANTOS;peaccorrentes@correios.com.br;;;
14507;32300468;AC CORTES;GERENCIA DE ATENDIMENTO;PE;REATE 02 - PE;REDE PRÓPRIA - PE;FABIO JUNIOR DO NASCIMENTO SANTOS;peaccortes@correios.com.br;;;
14540;32300794;AC CUMARU;GERENCIA DE ATENDIMENTO;PE;REATE 02 - PE;REDE PRÓPRIA - PE;FABIO JUNIOR DO NASCIMENTO SANTOS;peaccumaru@correios.com.br;;;
14643;32301821;AC CUPIRA;GERENCIA DE ATENDIMENTO;PE;REATE 02 - PE;REDE PRÓPRIA - PE;FABIO JUNIOR DO NASCIMENTO SANTOS;peaccupira@correios.com.br;CARUARU DIAMANTE;PERNAMBUCO +;G50
14541;32300808;AC FREI MIGUELINHO;GERENCIA DE ATENDIMENTO;PE;REATE 02 - PE;REDE PRÓPRIA - PE;FABIO JUNIOR DO NASCIMENTO SANTOS;peacfreimiguelinho@correios.com.br;;;
14537;32300760;AC GARANHUNS;GERENCIA DE ATENDIMENTO;PE;REATE 02 - PE;REDE PRÓPRIA - PE;FABIO JUNIOR DO NASCIMENTO SANTOS;peacgaranhuns@correios.com.br;CARUARU DIAMANTE;PERNAMBUCO +;G50
14539;32300786;AC GRAVATA;GERENCIA DE ATENDIMENTO;PE;REATE 02 - PE;REDE PRÓPRIA - PE;FABIO JUNIOR DO NASCIMENTO SANTOS;peacgravata@correios.com.br;CARUARU DIAMANTE;;G50
14570;32301090;AC IATI;GERENCIA DE ATENDIMENTO;PE;REATE 02 - PE;REDE PRÓPRIA - PE;FABIO JUNIOR DO NASCIMENTO SANTOS;peaciati@correios.com.br;;;
14571;32301103;AC IBIRAJUBA;GERENCIA DE ATENDIMENTO;PE;REATE 02 - PE;REDE PRÓPRIA - PE;FABIO JUNIOR DO NASCIMENTO SANTOS;peacibirajuba@correios.com.br;;;
14608;32301472;AC ITAIBA;GERENCIA DE ATENDIMENTO;PE;REATE 02 - PE;REDE PRÓPRIA - PE;FABIO JUNIOR DO NASCIMENTO SANTOS;peacitaiba@correios.com.br;;;
14685;32302304;AC JAQUEIRA;GERENCIA DE ATENDIMENTO;PE;REATE 02 - PE;REDE PRÓPRIA - PE;FABIO JUNIOR DO NASCIMENTO SANTOS;peacjaqueira@correios.com.br;;;
14572;32301111;AC JATAUBA;GERENCIA DE ATENDIMENTO;PE;REATE 02 - PE;REDE PRÓPRIA - PE;FABIO JUNIOR DO NASCIMENTO SANTOS;peacjatauba@correios.com.br;;;
14677;32302223;AC JUCATI;GERENCIA DE ATENDIMENTO;PE;REATE 02 - PE;REDE PRÓPRIA - PE;FABIO JUNIOR DO NASCIMENTO SANTOS;peacjucati@correios.com.br;;;
14573;32301120;AC JUPI;GERENCIA DE ATENDIMENTO;PE;REATE 02 - PE;REDE PRÓPRIA - PE;FABIO JUNIOR DO NASCIMENTO SANTOS;peacjupi@correios.com.br;;;
14558;32300972;AC JUREMA;GERENCIA DE ATENDIMENTO;PE;REATE 02 - PE;REDE PRÓPRIA - PE;FABIO JUNIOR DO NASCIMENTO SANTOS;peacjurema@correios.com.br;;;
14544;32300832;AC LAGOA DO OURO;GERENCIA DE ATENDIMENTO;PE;REATE 02 - PE;REDE PRÓPRIA - PE;FABIO JUNIOR DO NASCIMENTO SANTOS;peaclagoadoouro@correios.com.br;;;
14542;32300816;AC LAGOA DOS GATOS;GERENCIA DE ATENDIMENTO;PE;REATE 02 - PE;REDE PRÓPRIA - PE;FABIO JUNIOR DO NASCIMENTO SANTOS;peaclagoadosgatos@correios.com.br;;;
14559;32300981;AC LAJEDO;GERENCIA DE ATENDIMENTO;PE;REATE 02 - PE;REDE PRÓPRIA - PE;FABIO JUNIOR DO NASCIMENTO SANTOS;peaclajedo@correios.com.br;CARUARU DIAMANTE;;G50
14545;32300841;AC MARAIAL;GERENCIA DE ATENDIMENTO;PE;REATE 02 - PE;REDE PRÓPRIA - PE;FABIO JUNIOR DO NASCIMENTO SANTOS;peacmaraial@correios.com.br;;;
14582;32301219;AC PALMEIRINA;GERENCIA DE ATENDIMENTO;PE;REATE 02 - PE;REDE PRÓPRIA - PE;FABIO JUNIOR DO NASCIMENTO SANTOS;peacpalmeirina@correios.com.br;;;
14583;32301227;AC PANELAS;GERENCIA DE ATENDIMENTO;PE;REATE 02 - PE;REDE PRÓPRIA - PE;FABIO JUNIOR DO NASCIMENTO SANTOS;peacpanelas@correios.com.br;;;
14575;32301146;AC PARANATAMA;GERENCIA DE ATENDIMENTO;PE;REATE 02 - PE;REDE PRÓPRIA - PE;FABIO JUNIOR DO NASCIMENTO SANTOS;peacparanatama@correios.com.br;;;
14588;32301278;AC PEDRA;GERENCIA DE ATENDIMENTO;PE;REATE 02 - PE;REDE PRÓPRIA - PE;FABIO JUNIOR DO NASCIMENTO SANTOS;peacpedra@correios.com.br;;;
14590;32301294;AC PESQUEIRA;GERENCIA DE ATENDIMENTO;PE;REATE 02 - PE;REDE PRÓPRIA - PE;FABIO JUNIOR DO NASCIMENTO SANTOS;peacpesqueira@correios.com.br;CARUARU DIAMANTE;;G50
14577;32301162;AC POCAO;GERENCIA DE ATENDIMENTO;PE;REATE 02 - PE;REDE PRÓPRIA - PE;FABIO JUNIOR DO NASCIMENTO SANTOS;peacpocao@correios.com.br;;;
14522;32300611;AC PRIMAVERA;GERENCIA DE ATENDIMENTO;PE;REATE 02 - PE;REDE PRÓPRIA - PE;FABIO JUNIOR DO NASCIMENTO SANTOS;peacprimavera@correios.com.br;;;
14603;32301421;AC QUIPAPA;GERENCIA DE ATENDIMENTO;PE;REATE 02 - PE;REDE PRÓPRIA - PE;FABIO JUNIOR DO NASCIMENTO SANTOS;peacquipapa@correios.com.br;;;
14653;32301944;AC RIACHO DAS ALMAS;GERENCIA DE ATENDIMENTO;PE;REATE 02 - PE;REDE PRÓPRIA - PE;FABIO JUNIOR DO NASCIMENTO SANTOS;peacriachodasalmas@correios.com.br;;;
14548;32300875;AC SAIRE;GERENCIA DE ATENDIMENTO;PE;REATE 02 - PE;REDE PRÓPRIA - PE;FABIO JUNIOR DO NASCIMENTO SANTOS;peacsaire@correios.com.br;;;
14579;32301189;AC SALOA;GERENCIA DE ATENDIMENTO;PE;REATE 02 - PE;REDE PRÓPRIA - PE;FABIO JUNIOR DO NASCIMENTO SANTOS;peacsaloa@correios.com.br;;;
14584;32301235;AC SANHARO;GERENCIA DE ATENDIMENTO;PE;REATE 02 - PE;REDE PRÓPRIA - PE;FABIO JUNIOR DO NASCIMENTO SANTOS;peacsanharo@correios.com.br;;;
14613;32301529;AC SANTA CRUZ DO CAPIBARIBE;GERENCIA DE ATENDIMENTO;PE;REATE 02 - PE;REDE PRÓPRIA - PE;FABIO JUNIOR DO NASCIMENTO SANTOS;peacsantacruzdocapibaribe@correios.com.br;CARUARU DIAMANTE;PERNAMBUCO +;G50
14551;32300905;AC SANTA MARIA DO CAMBUCA;GERENCIA DE ATENDIMENTO;PE;REATE 02 - PE;REDE PRÓPRIA - PE;FABIO JUNIOR DO NASCIMENTO SANTOS;peacsantamariadocambuca@correios.com.br;;;
14552;32300913;AC SAO BENEDITO DO SUL;GERENCIA DE ATENDIMENTO;PE;REATE 02 - PE;REDE PRÓPRIA - PE;FABIO JUNIOR DO NASCIMENTO SANTOS;peacsaobeneditodosul@correios.com.br;;;
14616;32301553;AC SAO BENTO DO UNA;GERENCIA DE ATENDIMENTO;PE;REATE 02 - PE;REDE PRÓPRIA - PE;FABIO JUNIOR DO NASCIMENTO SANTOS;peacsaobentodouna@correios.com.br;;;
14617;32301561;AC SAO CAITANO;GERENCIA DE ATENDIMENTO;PE;REATE 02 - PE;REDE PRÓPRIA - PE;FABIO JUNIOR DO NASCIMENTO SANTOS;peacsaocaitano@correios.com.br;;;
14586;32301251;AC SAO JOAO;GERENCIA DE ATENDIMENTO;PE;REATE 02 - PE;REDE PRÓPRIA - PE;FABIO JUNIOR DO NASCIMENTO SANTOS;peacsaojoao@correios.com.br;;;
14621;32301600;AC SAO JOAQUIM DO MONTE;GERENCIA DE ATENDIMENTO;PE;REATE 02 - PE;REDE PRÓPRIA - PE;FABIO JUNIOR DO NASCIMENTO SANTOS;peacsaojoaquimdomonte@correios.com.br;;;
14627;32301669;AC SURUBIM;GERENCIA DE ATENDIMENTO;PE;REATE 02 - PE;REDE PRÓPRIA - PE;FABIO JUNIOR DO NASCIMENTO SANTOS;peacsurubim@correios.com.br;CARUARU DIAMANTE;PERNAMBUCO +;G50
14589;32301286;AC TACAIMBO;GERENCIA DE ATENDIMENTO;PE;REATE 02 - PE;REDE PRÓPRIA - PE;FABIO JUNIOR DO NASCIMENTO SANTOS;peactacaimbo@correios.com.br;;;
14630;32301693;AC TAQUARITINGA DO NORTE;GERENCIA DE ATENDIMENTO;PE;REATE 02 - PE;REDE PRÓPRIA - PE;FABIO JUNIOR DO NASCIMENTO SANTOS;peactaquaritingadonorte@correios.com.br;;;G50
14592;32301316;AC TEREZINHA;GERENCIA DE ATENDIMENTO;PE;REATE 02 - PE;REDE PRÓPRIA - PE;FABIO JUNIOR DO NASCIMENTO SANTOS;peacterezinha@correios.com.br;;;
14556;32300956;AC TORITAMA;GERENCIA DE ATENDIMENTO;PE;REATE 02 - PE;REDE PRÓPRIA - PE;FABIO JUNIOR DO NASCIMENTO SANTOS;peactoritama@correios.com.br;CARUARU DIAMANTE;PERNAMBUCO +;G50
14619;32301588;AC TUPANATINGA;GERENCIA DE ATENDIMENTO;PE;REATE 02 - PE;REDE PRÓPRIA - PE;FABIO JUNIOR DO NASCIMENTO SANTOS;peactupanatinga@correios.com.br;;;
14625;32301642;AC VENTUROSA;GERENCIA DE ATENDIMENTO;PE;REATE 02 - PE;REDE PRÓPRIA - PE;FABIO JUNIOR DO NASCIMENTO SANTOS;peacventurosa@correios.com.br;;;
14674;32302185;AC VERTENTE DO LERIO;GERENCIA DE ATENDIMENTO;PE;REATE 02 - PE;REDE PRÓPRIA - PE;FABIO JUNIOR DO NASCIMENTO SANTOS;peacvertentedolerio@correios.com.br;;;
14639;32301782;AC VERTENTES;GERENCIA DE ATENDIMENTO;PE;REATE 02 - PE;REDE PRÓPRIA - PE;FABIO JUNIOR DO NASCIMENTO SANTOS;peacvertentes@correios.com.br;;;
424861;424861;AGF COLINAS;GERENCIA DE ATENDIMENTO;PE;REATE 02 - PE;REDE TERCEIRIZADA - PE;FABIO JUNIOR DO NASCIMENTO SANTOS;peagfcolinas@correios.com.br;CARUARU DIAMANTE;;
424291;424291;AGF NOVA MAURICIO DE NASSAU;GERENCIA DE ATENDIMENTO;PE;REATE 02 - PE;REDE TERCEIRIZADA - PE;FABIO JUNIOR DO NASCIMENTO SANTOS;peagfnovamauriciodenassau@correios.com.br;CARUARU DIAMANTE;;
14464;32300026;AC AFOGADOS DA INGAZEIRA;GERENCIA DE ATENDIMENTO;PE;REATE 03 - PE;REDE PRÓPRIA - PE;ELINESIA QUEIROZ DA SILVA;peacadaingazeira@correios.com.br;SALGUEIRO DIAMANTE;;G50
14626;32301651;AC AFRANIO;GERENCIA DE ATENDIMENTO;PE;REATE 03 - PE;REDE PRÓPRIA - PE;LUCRECIA TORRES DE BARROS COSTA;peacafranio@correios.com.br;;;
14618;32301570;AC ARARIPINA;GERENCIA DE ATENDIMENTO;PE;REATE 03 - PE;REDE PRÓPRIA - PE;LUCRECIA TORRES DE BARROS COSTA;peacararipina@correios.com.br;SALGUEIRO DIAMANTE;PERNAMBUCO +;G50
14482;32300204;AC BELEM DE SAO FRANCISCO;GERENCIA DE ATENDIMENTO;PE;REATE 03 - PE;REDE PRÓPRIA - PE;LUCRECIA TORRES DE BARROS COSTA;peacbelemsfrancisco@correios.com.br;;;
14594;32301332;AC BETANIA;GERENCIA DE ATENDIMENTO;PE;REATE 03 - PE;REDE PRÓPRIA - PE;ELINESIA QUEIROZ DA SILVA;peacbetania@correios.com.br;;;
14489;32300271;AC BODOCO;GERENCIA DE ATENDIMENTO;PE;REATE 03 - PE;REDE PRÓPRIA - PE;LUCRECIA TORRES DE BARROS COSTA;peacbodoco@correios.com.br;;;
14595;32301341;AC BREJINHO;GERENCIA DE ATENDIMENTO;PE;REATE 03 - PE;REDE PRÓPRIA - PE;ELINESIA QUEIROZ DA SILVA;peacbrejinho@correios.com.br;SALGUEIRO DIAMANTE;;
14500;32300387;AC CABROBO;GERENCIA DE ATENDIMENTO;PE;REATE 03 - PE;REDE PRÓPRIA - PE;LUCRECIA TORRES DE BARROS COSTA;peaccabrobo@correios.com.br;;;
14596;32301359;AC CALUMBI;GERENCIA DE ATENDIMENTO;PE;REATE 03 - PE;REDE PRÓPRIA - PE;ELINESIA QUEIROZ DA SILVA;peaccalumbi@correios.com.br;;;
14597;32301367;AC CARNAIBA;GERENCIA DE ATENDIMENTO;PE;REATE 03 - PE;REDE PRÓPRIA - PE;ELINESIA QUEIROZ DA SILVA;peaccarnaiba@correios.com.br;;;
35696;32300417;AC CARNAUBEIRA DA PENHA;GERENCIA DE ATENDIMENTO;PE;REATE 03 - PE;REDE PRÓPRIA - PE;ELINESIA QUEIROZ DA SILVA;peaccarnaubeirapenha@correios.com.br;;;
14631;32301707;AC CEDRO;GERENCIA DE ATENDIMENTO;PE;REATE 03 - PE;REDE PRÓPRIA - PE;LUCRECIA TORRES DE BARROS COSTA;peaccedro@correios.com.br;;;
14528;32300671;AC CUSTODIA;GERENCIA DE ATENDIMENTO;PE;REATE 03 - PE;REDE PRÓPRIA - PE;ELINESIA QUEIROZ DA SILVA;peaccustodia@correios.com.br;SALGUEIRO DIAMANTE;;G50
14676;32302215;AC DORMENTES;GERENCIA DE ATENDIMENTO;PE;REATE 03 - PE;REDE PRÓPRIA - PE;LUCRECIA TORRES DE BARROS COSTA;peacdormentes@correios.com.br;;;
14633;32301723;AC EXU;GERENCIA DE ATENDIMENTO;PE;REATE 03 - PE;REDE PRÓPRIA - PE;LUCRECIA TORRES DE BARROS COSTA;peacexu@correios.com.br;;;
14535;32300743;AC FLORES;GERENCIA DE ATENDIMENTO;PE;REATE 03 - PE;REDE PRÓPRIA - PE;ELINESIA QUEIROZ DA SILVA;peacflores@correios.com.br;;;
14536;32300751;AC FLORESTA;GERENCIA DE ATENDIMENTO;PE;REATE 03 - PE;REDE PRÓPRIA - PE;LUCRECIA TORRES DE BARROS COSTA;peacfloresta@correios.com.br;;;
14634;32301731;AC GRANITO;GERENCIA DE ATENDIMENTO;PE;REATE 03 - PE;REDE PRÓPRIA - PE;LUCRECIA TORRES DE BARROS COSTA;peacgranito@correios.com.br;;;
14600;32301391;AC IBIMIRIM;GERENCIA DE ATENDIMENTO;PE;REATE 03 - PE;REDE PRÓPRIA - PE;ELINESIA QUEIROZ DA SILVA;peacibimirim@correios.com.br;;;
14601;32301405;AC IGUARACI;GERENCIA DE ATENDIMENTO;PE;REATE 03 - PE;REDE PRÓPRIA - PE;ELINESIA QUEIROZ DA SILVA;peaciguaraci@correios.com.br;;;
14604;32301430;AC INAJA;GERENCIA DE ATENDIMENTO;PE;REATE 03 - PE;REDE PRÓPRIA - PE;ELINESIA QUEIROZ DA SILVA;peacinaja@correios.com.br;;;
14605;32301448;AC INGAZEIRA;GERENCIA DE ATENDIMENTO;PE;REATE 03 - PE;REDE PRÓPRIA - PE;ELINESIA QUEIROZ DA SILVA;peacingazeira@correios.com.br;;;
14635;32301740;AC IPUBI;GERENCIA DE ATENDIMENTO;PE;REATE 03 - PE;REDE PRÓPRIA - PE;LUCRECIA TORRES DE BARROS COSTA;peacipubi@correios.com.br;;;
14637;32301766;AC ITACURUBA;GERENCIA DE ATENDIMENTO;PE;REATE 03 - PE;REDE PRÓPRIA - PE;LUCRECIA TORRES DE BARROS COSTA;peacitacuruba@correios.com.br;;;
14609;32301481;AC ITAPETIM;GERENCIA DE ATENDIMENTO;PE;REATE 03 - PE;REDE PRÓPRIA - PE;ELINESIA QUEIROZ DA SILVA;peacitapetim@correios.com.br;SALGUEIRO DIAMANTE;;
14680;32302258;AC JATOBA;GERENCIA DE ATENDIMENTO;PE;REATE 03 - PE;REDE PRÓPRIA - PE;LUCRECIA TORRES DE BARROS COSTA;peacjatoba@correios.com.br;;;
14683;32302282;AC LAGOA GRANDE;GERENCIA DE ATENDIMENTO;PE;REATE 03 - PE;REDE PRÓPRIA - PE;LUCRECIA TORRES DE BARROS COSTA;peaclagoagrande@correios.com.br;;;
14682;32302274;AC MANARI;GERENCIA DE ATENDIMENTO;PE;REATE 03 - PE;REDE PRÓPRIA - PE;ELINESIA QUEIROZ DA SILVA;peacmanari@correios.com.br;;;
14638;32301774;AC MIRANDIBA;GERENCIA DE ATENDIMENTO;PE;REATE 03 - PE;REDE PRÓPRIA - PE;ELINESIA QUEIROZ DA SILVA;peacmirandiba@correios.com.br;;;
14646;32301863;AC MOREILANDIA;GERENCIA DE ATENDIMENTO;PE;REATE 03 - PE;REDE PRÓPRIA - PE;LUCRECIA TORRES DE BARROS COSTA;peacmoreilandia@correios.com.br;;;
14640;32301791;AC OROCO;GERENCIA DE ATENDIMENTO;PE;REATE 03 - PE;REDE PRÓPRIA - PE;LUCRECIA TORRES DE BARROS COSTA;peacoroco@correios.com.br;;;
14580;32301197;AC OURICURI;GERENCIA DE ATENDIMENTO;PE;REATE 03 - PE;REDE PRÓPRIA - PE;LUCRECIA TORRES DE BARROS COSTA;peacouricuri@correios.com.br;SALGUEIRO DIAMANTE;;G50
14642;32301812;AC PARNAMIRIM;GERENCIA DE ATENDIMENTO;PE;REATE 03 - PE;REDE PRÓPRIA - PE;LUCRECIA TORRES DE BARROS COSTA;peacparnamirim@correios.com.br;;;
14549;32300883;AC PETROLANDIA;GERENCIA DE ATENDIMENTO;PE;REATE 03 - PE;REDE PRÓPRIA - PE;LUCRECIA TORRES DE BARROS COSTA;peacpetrolandia@correios.com.br;SALGUEIRO DIAMANTE;;
14591;32301308;AC PETROLINA;GERENCIA DE ATENDIMENTO;PE;REATE 03 - PE;REDE PRÓPRIA - PE;LUCRECIA TORRES DE BARROS COSTA;peacpetrolina@correios.com.br;SALGUEIRO DIAMANTE;PERNAMBUCO +;G50
14679;32302240;AC QUIXABA;GERENCIA DE ATENDIMENTO;PE;REATE 03 - PE;REDE PRÓPRIA - PE;ELINESIA QUEIROZ DA SILVA;peacquixaba@correios.com.br;;;
14612;32301511;AC SALGUEIRO;GERENCIA DE ATENDIMENTO;PE;REATE 03 - PE;REDE PRÓPRIA - PE;ELINESIA QUEIROZ DA SILVA;peacsalgueiro@correios.com.br;SALGUEIRO DIAMANTE;PERNAMBUCO +;G50
14675;32302193;AC SANTA CRUZ;GERENCIA DE ATENDIMENTO;PE;REATE 03 - PE;REDE PRÓPRIA - PE;LUCRECIA TORRES DE BARROS COSTA;peacsantacruz@correios.com.br;;;
14672;32302169;AC SANTA CRUZ DA BAIXA VERDE;GERENCIA DE ATENDIMENTO;PE;REATE 03 - PE;REDE PRÓPRIA - PE;ELINESIA QUEIROZ DA SILVA;peacscruzbaixaverde@correios.com.br;;;
14678;32302231;AC SANTA FILOMENA;GERENCIA DE ATENDIMENTO;PE;REATE 03 - PE;REDE PRÓPRIA - PE;LUCRECIA TORRES DE BARROS COSTA;peacsantafilomena@correios.com.br;;;
14644;32301839;AC SANTA MARIA DA BOA VISTA;GERENCIA DE ATENDIMENTO;PE;REATE 03 - PE;REDE PRÓPRIA - PE;LUCRECIA TORRES DE BARROS COSTA;peacstamariaboavista@correios.com.br;;;
14610;32301499;AC SANTA TEREZINHA;GERENCIA DE ATENDIMENTO;PE;REATE 03 - PE;REDE PRÓPRIA - PE;ELINESIA QUEIROZ DA SILVA;peacsantaterezinha@correios.com.br;;;
14484;32300221;AC SAO JOSE DO BELMONTE;GERENCIA DE ATENDIMENTO;PE;REATE 03 - PE;REDE PRÓPRIA - PE;ELINESIA QUEIROZ DA SILVA;peacsaojosebelmonte@correios.com.br;;;
14622;32301618;AC SAO JOSE DO EGITO;GERENCIA DE ATENDIMENTO;PE;REATE 03 - PE;REDE PRÓPRIA - PE;ELINESIA QUEIROZ DA SILVA;peacsaojosedoegito@correios.com.br;SALGUEIRO DIAMANTE;;
14624;32301634;AC SERRA TALHADA;GERENCIA DE ATENDIMENTO;PE;REATE 03 - PE;REDE PRÓPRIA - PE;ELINESIA QUEIROZ DA SILVA;peacserratalhada@correios.com.br;SALGUEIRO DIAMANTE;PERNAMBUCO +;G50
14645;32301855;AC SERRITA;GERENCIA DE ATENDIMENTO;PE;REATE 03 - PE;REDE PRÓPRIA - PE;LUCRECIA TORRES DE BARROS COSTA;peacserrita@correios.com.br;;;
14468;32300069;AC SERTANIA;GERENCIA DE ATENDIMENTO;PE;REATE 03 - PE;REDE PRÓPRIA - PE;ELINESIA QUEIROZ DA SILVA;peacsertania@correios.com.br;SALGUEIRO DIAMANTE;;G50
14611;32301502;AC SOLIDAO;GERENCIA DE ATENDIMENTO;PE;REATE 03 - PE;REDE PRÓPRIA - PE;ELINESIA QUEIROZ DA SILVA;peacsolidao@correios.com.br;;;
14628;32301677;AC TABIRA;GERENCIA DE ATENDIMENTO;PE;REATE 03 - PE;REDE PRÓPRIA - PE;ELINESIA QUEIROZ DA SILVA;peactabira@correios.com.br;SALGUEIRO DIAMANTE;;G50
14615;32301545;AC TACARATU;GERENCIA DE ATENDIMENTO;PE;REATE 03 - PE;REDE PRÓPRIA - PE;ELINESIA QUEIROZ DA SILVA;peactacaratu@correios.com.br;;;
14647;32301871;AC TERRA NOVA;GERENCIA DE ATENDIMENTO;PE;REATE 03 - PE;REDE PRÓPRIA - PE;LUCRECIA TORRES DE BARROS COSTA;peacterranova@correios.com.br;;;
14648;32301880;AC TRINDADE;GERENCIA DE ATENDIMENTO;PE;REATE 03 - PE;REDE PRÓPRIA - PE;LUCRECIA TORRES DE BARROS COSTA;peactrindade@correios.com.br;;;
14636;32301758;AC TRIUNFO;GERENCIA DE ATENDIMENTO;PE;REATE 03 - PE;REDE PRÓPRIA - PE;ELINESIA QUEIROZ DA SILVA;peactriunfo@correios.com.br;SALGUEIRO DIAMANTE;;
14623;32301626;AC TUPARETAMA;GERENCIA DE ATENDIMENTO;PE;REATE 03 - PE;REDE PRÓPRIA - PE;ELINESIA QUEIROZ DA SILVA;peactuparetama@correios.com.br;;;
14649;32301898;AC VERDEJANTE;GERENCIA DE ATENDIMENTO;PE;REATE 03 - PE;REDE PRÓPRIA - PE;ELINESIA QUEIROZ DA SILVA;peacverdejante@correios.com.br;;;
236509;236509;AGF NOVA AREIA BRANCA;GERENCIA DE ATENDIMENTO;PE;REATE 03 - PE;REDE TERCEIRIZADA - PE;LUCRECIA TORRES DE BARROS COSTA;agfnovaareiabranca@ig.com.br;SALGUEIRO DIAMANTE;;
424289;424289;AGF RUA CORONEL AMORIM;GERENCIA DE ATENDIMENTO;PE;REATE 03 - PE;REDE TERCEIRIZADA - PE;LUCRECIA TORRES DE BARROS COSTA;agfrcelamorim@outlook.com;SALGUEIRO DIAMANTE;;
85048330;85048330;ROBERTO JOSE LOBATO GABRIEL;GERENCIA DE VENDAS;PE;;GEVEN;;;;;
85055417;85055417;ANGELO FLAVIO DE ARAUJO BASTOS;GERENCIA DE VENDAS;PE;;GEVEN;;;;;
85057444;85057444;JOSE PEDROSA SOARES;GERENCIA DE VENDAS;PE;;GEVEN;;;;;
85063916;85063916;CARLOS ROBERTO DOS SANTOS CORDEIRO;GERENCIA DE VENDAS;PE;;GEVEN;;;;;
85064564;85064564;RICARDO MARINHO SIQUEIRA DE OLIVEIRA;GERENCIA DE VENDAS;PE;;GEVEN;;;;;
85066648;85066648;JOSE IVO PEREIRA JUNIOR;GERENCIA DE VENDAS;PE;;GEVEN;;;;;
85069140;85069140;LIDIANE ARAUJO SANTOS;GERENCIA DE VENDAS;PE;;GEVEN;;;;;
85086150;85086150;LUANA GUIMARAES DA SILVA PEREIRA;GERENCIA DE VENDAS;PE;;GEVEN;;;;;
88888896;88888896;CARTEIRA VAGA - PE;GERENCIA DE VENDAS;PE;;GEVEN;;;;;
434126;434126;PE;GERENCIA DE VENDAS;PE;;GEVEN;;;;;
435270;435270;CARTEIRA VAGA - GEVEN PE;GERENCIA DE VENDAS;PE;;GEVEN;;;;;
88888960;88888960;CARTEIRA CAC- PE;VENDAS A DISTANCIA;PE;;CAC;;;;;
8002070;8002070;CLIENTE SEM GESTÃO - PE;GERENCIA DE ATENDIMENTO;PE;CARTEIRA VAGA - PE;CARTEIRA VAGA - PE;CARTEIRA VAGA - PE;;;;
